{
  "$tab_checked_glyph_color" : [
    1,
    1,
    1
  ],
  "$tab_unchecked_locked_text_color" : [
    1,
    1,
    1
  ],
  "$tab_checked_hover_glyph_color" : [
    1,
    1,
    1
  ],
  "$dark_border_toggle_hover_color" : [
    0.89215686274509798,
    0.89215686274509798,
    0.89215686274509798
  ],
  "$light_border_toggle_default_color" : [
    0.21568627450980393,
    0.21568627450980393,
    0.21568627450980393
  ],
  "$light_button_hover_text_color" : [
    0,
    0,
    0
  ],
  "$light_button_secondary_hover_text_color" : [
    0.29999999999999999,
    0.29999999999999999,
    0.29999999999999999
  ],
  "$dark_border_hover_color" : [
    0.89215686274509798,
    0.89215686274509798,
    0.89215686274509798
  ],
  "$dark_toggle_default_text_color" : [
    0.29999999999999999,
    0.29999999999999999,
    0.29999999999999999
  ],
  "$light_border_locked_color" : [
    0.15098039215686274,
    0.15098039215686274,
    0.15098039215686274
  ],
  "$title_text_color" : [
    1,
    1,
    1
  ],
  "$tab_unchecked_locked_glyph_color" : [
    1,
    1,
    1
  ],
  "$dark_toggle_hover_text_color" : [
    0.29999999999999999,
    0.29999999999999999,
    0.29999999999999999
  ],
  "$sub_header_text_color" : [
    1,
    1,
    1
  ],
  "$light_glyph_hover_color" : [
    0,
    0,
    0
  ],
  "$tab_unchecked_text_color" : [
    1,
    1,
    1
  ],
  "$light_toggle_checked_default_text_color" : [
    1,
    1,
    1
  ],
  "$tab_secondary_checked_text_color" : [
    1,
    1,
    1
  ],
  "$light_glyph_default_color" : [
    1,
    1,
    1
  ],
  "$light_button_secondary_default_text_color" : [
    0.29999999999999999,
    0.29999999999999999,
    0.29999999999999999
  ],
  "$light_toggle_default_text_color" : [
    1,
    1,
    1
  ],
  "$dark_button_pressed_text_color" : [
    0.29999999999999999,
    0.29999999999999999,
    0.29999999999999999
  ],
  "$dark_button_secondary_default_text_color" : [
    0.29999999999999999,
    0.29999999999999999,
    0.29999999999999999
  ],
  "$tab_checked_locked_hover_glyph_color" : [
    1,
    1,
    1
  ],
  "$tab_unchecked_locked_hover_glyph_color" : [
    1,
    1,
    1
  ],
  "$dark_button_hover_text_color" : [
    0.29999999999999999,
    0.29999999999999999,
    0.29999999999999999
  ],
  "$pocket_title_text_color" : [
    1,
    1,
    1
  ],
  "$dark_button_secondary_locked_text_color" : [
    0.29999999999999999,
    0.29999999999999999,
    0.29999999999999999
  ],
  "$dark_glyph_hover_color" : [
    0,
    0,
    0
  ],
  "$dark_glyph_locked_color" : [
    0.29999999999999999,
    0.29999999999999999,
    0.29999999999999999
  ],
  "$tab_secondary_unchecked_locked_hover_text_color" : [
    1,
    1,
    1
  ],
  "$light_border_default_color" : [
    0.21568627450980393,
    0.21568627450980393,
    0.21568627450980393
  ],
  "$tab_secondary_unchecked_text_color" : [
    1,
    1,
    1
  ],
  "$dark_toggle_checked_hover_text_color" : [
    0.29999999999999999,
    0.29999999999999999,
    0.29999999999999999
  ],
  "$light_button_pressed_text_color" : [
    0,
    0,
    0
  ],
  "$tab_unchecked_glyph_color" : [
    1,
    1,
    1
  ],
  "$light_toggle_checked_hover_text_color" : [
    0,
    0,
    0
  ],
  "$dark_glyph_default_color" : [
    0.29999999999999999,
    0.29999999999999999,
    0.29999999999999999
  ],
  "$tab_checked_locked_hover_text_color" : [
    1,
    1,
    1
  ],
  "$dark_border_default_color" : [
    0.10784313725490197,
    0.10784313725490197,
    0.10784313725490197
  ],
  "$tab_checked_text_color" : [
    1,
    1,
    1
  ],
  "$tab_secondary_unchecked_locked_text_color" : [
    1,
    1,
    1
  ],
  "$tab_unchecked_hover_text_color" : [
    1,
    1,
    1
  ],
  "$light_glyph_pressed_color" : [
    0,
    0,
    0
  ],
  "$dark_toggle_checked_default_text_color" : [
    0.29999999999999999,
    0.29999999999999999,
    0.29999999999999999
  ],
  "$tab_secondary_unchecked_hover_text_color" : [
    1,
    1,
    1
  ],
  "$dark_button_secondary_pressed_text_color" : [
    0.29999999999999999,
    0.29999999999999999,
    0.29999999999999999
  ],
  "$tab_secondary_checked_locked_hover_text_color" : [
    1,
    1,
    1
  ],
  "$dark_border_locked_color" : [
    0.10784313725490197,
    0.10784313725490197,
    0.10784313725490197
  ],
  "$light_border_toggle_hover_color" : [
    0.78431372549019607,
    0.78431372549019607,
    0.78431372549019607
  ],
  "$tab_secondary_checked_locked_text_color" : [
    1,
    1,
    1
  ],
  "$dark_border_toggle_default_color" : [
    0.10784313725490197,
    0.10784313725490197,
    0.10784313725490197
  ],
  "$tab_checked_hover_text_color" : [
    1,
    1,
    1
  ],
  "$dark_border_pressed_color" : [
    0.89215686274509798,
    0.89215686274509798,
    0.89215686274509798
  ],
  "$dark_button_locked_text_color" : [
    0.29999999999999999,
    0.29999999999999999,
    0.29999999999999999
  ],
  "$dark_button_default_text_color" : [
    0.29999999999999999,
    0.29999999999999999,
    0.29999999999999999
  ],
  "$tab_unchecked_locked_hover_text_color" : [
    1,
    1,
    1
  ],
  "$light_button_default_text_color" : [
    1,
    1,
    1
  ],
  "$dark_button_secondary_hover_text_color" : [
    0.29999999999999999,
    0.29999999999999999,
    0.29999999999999999
  ],
  "$light_toggle_hover_text_color" : [
    0,
    0,
    0
  ],
  "$light_border_hover_color" : [
    0.78431372549019607,
    0.78431372549019607,
    0.78431372549019607
  ],
  "$main_header_text_color" : [
    1,
    1,
    1
  ],
  "$light_button_secondary_locked_text_color" : [
    0.29999999999999999,
    0.29999999999999999,
    0.29999999999999999
  ],
  "$light_button_secondary_pressed_text_color" : [
    0.29999999999999999,
    0.29999999999999999,
    0.29999999999999999
  ],
  "$tab_unchecked_hover_glyph_color" : [
    1,
    1,
    1
  ],
  "$light_button_locked_text_color" : [
    0.29999999999999999,
    0.29999999999999999,
    0.29999999999999999
  ],
  "$dark_glyph_pressed_color" : [
    0,
    0,
    0
  ],
  "$tab_checked_locked_text_color" : [
    1,
    1,
    1
  ],
  "$light_glyph_locked_color" : [
    0.29999999999999999,
    0.29999999999999999,
    0.29999999999999999
  ],
  "$tab_secondary_checked_hover_text_color" : [
    1,
    1,
    1
  ],
  "$light_border_pressed_color" : [
    0.78431372549019607,
    0.78431372549019607,
    0.78431372549019607
  ],
  "$tab_checked_locked_glyph_color" : [
    1,
    1,
    1
  ]
}